{
	"productList" : {
		"30000" : {			
			"name" : "Instrument Thermometer",
			"description" : "Thermometer in feeder",
			"img" : "",			
			"type" : ""
		},
		"30001" : {
			"name" : "Instrument Hygrometer",
			"description" : "Hygrometer in feeder",
			"img" : "",			
			"type" : ""
		},
		"30002" : {
			"name" : "Instrument Magnet",
			"description" : "Magnet in feeder",
			"img" : "",			
			"type" : ""
		},
		"30100" : {
			"name" : "Instrument Pen",
			"description" : "Pen in feeder",
			"img" : "",			
			"type" : ""
		},
		"32000" : {
			"name" : "Raw Part Penholder Alu",
			"description" : "Penholder alu raw material in feeder",
			"img" : "",			
			"type" : ""
		},
		"32001" : {
			"name" : "Raw Part Penholder Brass",
			"description" : "Penholder brass raw material in feeder",
			"img" : "",			
			"type" : ""
		},
		"32010" : {
			"name" : "Raw Part Baseplate Alu",
			"description" : "Baseplate alu raw material in feeder",
			"img" : "",			
			"type" : ""
		},
		"42000" : {
			"name" : "Penholder Alu Raw",
			"description" : "Penholder alu raw material on penholder pallet",
			"img" : "",			
			"type" : ""
		},
		"42001" : {
			"name" : "Penholder Brass Raw",
			"description" : "Penholder brass raw material on penholder pallet",
			"img" : "",			
			"type" : ""
		},
		"42010" : {
			"name" : "Baseplate Alu Raw",
			"description" : "Baseplate alu raw material on baseplate pallet",
			"img" : "",			
			"type" : ""
		},
		"42100" : {
			"name" : "Penholder Alu Type 1",
			"description" : "Penholder alu type 1 (empty) on penholder pallet",
			"img" : "",			
			"type" : ""
		},
		"42101" : {
			"name" : "Penholder Alu Type 2",
			"description" : "Penholder alu type 2 (empty) on penholder pallet",
			"img" : "",			
			"type" : ""
		},
		"42102" : {
			"name" : "Penholder Alu Type 3",
			"description" : "Penholder alu type 3 (empty) on penholder pallet",
			"img" : "",			
			"type" : ""
		},
		"42103" : {
			"name" : "Penholder Alu Type 4",
			"description" : "Penholder alu type 4 (empty) on penholder pallet",
			"img" : "",			
			"type" : ""
		},
		"42104" : {
			"name" : "Penholder Alu Type 5",
			"description" : "Penholder alu type 5 (empty) on penholder pallet",
			"img" : "",			
			"type" : ""
		},
		"42120" : {
			"name" : "Penholder Brass Type 1",
			"description" : "Penholder brass type 1 (empty) on penholder pallet",
			"img" : "",			
			"type" : ""
		},
		"42121" : {
			"name" : "Penholder Brass Type 2",
			"description" : "Penholder brass type 2 (empty) on penholder pallet",
			"img" : "",			
			"type" : ""
		},
		"42122" : {
			"name" : "Penholder Brass Type 3",
			"description" : "Penholder brass type 3 (empty) on penholder pallet",
			"img" : "",			
			"type" : ""
		},
		"42123" : {
			"name" : "Penholder Brass Type 4",
			"description" : "Penholder brass type 4 (empty) on penholder pallet",
			"img" : "",			
			"type" : ""
		},
		"42124" : {
			"name" : "Penholder Brass Type 5",
			"description" : "Penholder brass type 5 (empty) on penholder pallet",
			"img" : "",			
			"type" : ""
		},
		"42140" : {
			"name" : "Baseplate Alu Type 1",
			"description" : "Baseplate alu type 1 (empty, empty, empty) on baseplate pallet",
			"img" : "",			
			"type" : ""
		},
		"42141" : {
			"name" : "Baseplate Alu Type 2",
			"description" : "Baseplate alu type 2 (empty, empty, empty) on baseplate pallet",
			"img" : "",			
			"type" : ""
		},
		"42143" : {
			"name" : "Baseplate Alu Type 3",
			"description" : "Baseplate alu type 3 (empty, empty, empty) on baseplate pallet",
			"img" : "",			
			"type" : ""
		},
		"42143" : {
			"name" : "Baseplate Alu Type 4",
			"description" : "Baseplate alu type 4 (empty, empty, empty) on baseplate pallet",
			"img" : "",			
			"type" : ""
		},
		"42144" : {
			"name" : "Baseplate Alu Type 5",
			"description" : "Baseplate alu type 5 (empty, empty, empty) on baseplate pallet",
			"img" : "",			
			"type" : ""
		},
		"46140" : {
			"name" : "Baseplate Alu Type 1 Tested",
			"description" : "Tested baseplate alu type 1 (empty, empty, empty) on baseplate pallet",
			"img" : "",			
			"type" : ""
		},
		"46141" : {
			"name" : "Baseplate Alu Type 2 Tested",
			"description" : "Tested baseplate alu type 2 (empty, empty, empty) on baseplate pallet",
			"img" : "",			
			"type" : ""
		},
		"46142" : {
			"name" : "Baseplate Alu Type 3 Tested",
			"description" : "Tested baseplate alu type 3 (empty, empty, empty) on baseplate pallet",
			"img" : "",			
			"type" : ""
		},
		"46143" : {
			"name" : "Baseplate Alu Type 4 Tested",
			"description" : "Tested baseplate alu type 4 (empty, empty, empty) on baseplate pallet",
			"img" : "",			
			"type" : ""
		},
		"46144" : {
			"name" : "Baseplate Alu Type 5 Tested",
			"description" : "Tested baseplate alu type 5 (empty, empty, empty) on baseplate pallet",
			"img" : "",			
			"type" : ""
		},
		"50000" : {
			"name" : "Deskset 50000",
			"description" : "Deskset (baseplate alu type 1 (empty, empty, penholder alu type 1 (empty))) on baseplate pallet",
			"img" : "",			
			"type" : ""
		},
		"50155" : {
			"name" : "Deskset 50155",
			"description" : "Deskset (baseplate alu type 4 (hygrometer, empty, penholder alu type 2 (empty))) on baseplate pallet",
			"img" : "",			
			"type" : ""
		},
		"50257" : {
			"name" : "Deskset 50257",
			"description" : "Deskset (baseplate alu type 2 (empty, empty, penholder alu type 3 (empty))) on baseplate pallet",
			"img" : "",			
			"type" : ""
		},
		"50755" : {
			"name" : "Deskset 50755",
			"description" : "Deskset (baseplate alu type 4 (thermomenter, hygrometer, penholder brass type (1))) on baseplate pallet",
			"img" : "",			
			"type" : ""
		},
		"50925" : {
			"name" : "Deskset 50925",
			"description" : "Deskset (baseplate alu type 5 (hygrometer, empty, penholder brasse type 3 (empty))) on baseplate pallet",
			"img" : "",			
			"type" : ""
		},
		"51018" : {
			"name" : "Deskset 51018",
			"description" : "Deskset (baseplate alu type 3 (hygrometer, hygrometer, penholder brass type 3 (empty))) on baseplate pallet",
			"img" : "",			
			"type" : ""
		},
		"51137" : {
			"name" : "Deskset 51137",
			"description" : "Deskset (baseplate alu type 2 (thermometer, hygrometer, penholder brass type 4 (empty))) on baseplate pallet",
			"img" : "",			
			"type" : ""
		},
		"52368" : {
			"name" : "Deskset 52368",
			"description" : "deskset (baseplate alu type 1 (empty, thermometer, penholder alu type 3 (pen))) on baseplate pallet",
			"img" : "",			
			"type" : ""
		},
		"52648" : {
			"name" : "Deskset 52648",
			"description" : "Deskset (baseplate alu type 1 (hygrometer, thermometer, penholder alu type 5 (pen))) on baseplate pallet",
			"img" : "",			
			"type" : ""
		},
		"52675" : {
			"name" : "Deskset 52675",
			"description" : "Deskset (baseplate alu type 4 (thermometer, hygrometer, penhoder alu type 5 (pen))) on baseplate pallet",
			"img" : "",			
			"type" : ""
		},
		"52834" : {
			"name" : "Deskset 52834",
			"description" : "Deskset (baseplate alu type 3 (thermometer, empty, penholder brasse type 2 (pen))) on baseplate pallet",
			"img" : "",			
			"type" : ""
		},
		"52946" : {
			"name" : "Deskset 52946",
			"description" : "Deskset (baseplate alu type 3(empty, empty, penholder brasse type 3 (pen))) on baseplate pallet",
			"img" : "",			
			"type" : ""
		},
		"53060" : {
			"name" : "Deskset 53060",
			"description" : "Deskset (baseplate alu type 5 (thermometer, hygrometer, penholder brass type 3 (pen))) on baseplate pallet",
			"img" : "",			
			"type" : ""
		},
		"60000" : {
			"name" : "Deskset 60000 Tested",
			"description" : "Deskset (tested baseplate alu type 1 (empty, empty, penholder alu type 1)) on baseplate pallet",
			"img" : "",			
			"type" : ""
		},
		"60155" : {
			"name" : "Deskset 60155 Tested",
			"description" : "Deskset (tested baseplate alu type 4 (hygrometer, empty, penholder alu type 2 (empty))) on baseplate pallet",
			"img" : "",			
			"type" : ""
		},
		"60257" : {
			"name" : "Deskset 60257 Tested",
			"description" : "Deskset (tested baseplate alu type 2 (empty, empty, penholder alu type 3 (empty))) on baseplate pallet",
			"img" : "",			
			"type" : ""
		},
		"60755" : {
			"name" : "Deskset 60755 Tested",
			"description" : "Deskset (tested baseplate alu type 4 (thermomenter, hygrometer, penholder brass type 1 (pen)))  on baseplate pallet",
			"img" : "",			
			"type" : ""
		},
		"60925" : {
			"name" : "Deskset 60925 Tested",
			"description" : "Deskset (tested baseplate alu type 5 (hygrometer, empty, penholder brasse type 3 (empty))) on baseplate pallet",
			"img" : "",			
			"type" : ""
		},
		"61018" : {
			"name" : "Deskset 61018 Tested",
			"description" : "Deskset (tested baseplate alu type 3 (hygrometer, hygrometer, penholder brass type 3 (empty))) on baseplate pallet",
			"img" : "",			
			"type" : ""
		},
		"61137" : {
			"name" : "Deskset 61137 Tested",
			"description" : "Deskset (tested baseplate alu type 2 (thermometer, hygrometer, penholder brass type 4 (empty))) on baseplate pallet",
			"img" : "",			
			"type" : ""
		},
		"62368" : {
			"name" : "Deskset 62368 Tested",
			"description" : "deskset (tested baseplate alu type 1 (empty, thermometer, penholder alu type 3 (pen)))(pen))) on baseplate pallet",
			"img" : "",			
			"type" : ""
		},
		"62648" : {
			"name" : "Deskset 62648 Tested",
			"description" : "Deskset (tested baseplate alu type 1 (hygrometer, thermometer, penholder alu type 5 (pen))) on baseplate pallet",
			"img" : "",			
			"type" : ""
		},
		"62675" : {
			"name" : "Deskset 62675 Tested",
			"description" : "Deskset (tested baseplate alu type 4 (thermometer, hygrometer, penhoder alu type 5 (pen))) on baseplate pallet",
			"img" : "",			
			"type" : ""
		},
		"62834" : {
			"name" : "Deskset 62834 Tested",
			"description" : "Deskset (tested baseplate alu type 3 (thermometer, empty, penholder brasse type 2 (pen))) on baseplate pallet",
			"img" : "",			
			"type" : ""
		},
		"62946" : {
			"name" : "Deskset 62946 Tested",
			"description" : "Deskset (tested baseplate alu type 3(empty, empty, penholder brasse type 3 (pen))) on baseplate pallet",
			"img" : "",			
			"type" : ""
		},
		"63060" : {
			"name" : "Deskset 63060 Tested",
			"description" : "Deskset (tested baseplate alu type 5 (thermometer, hygrometer, penholder brass type 3 (pen))) on baseplate pallet",
			"img" : "",			
			"type" : ""
		},
		"82200" : {
			"name" : "Pallet Penholder",
			"description" : "Penholder pallet (empty)",
			"img" : "",			
			"type" : ""
		},
		"82201" : {
			"name" : "Pallet Baseplate",
			"description" : "Baseplate pallet (empty)",
			"img" : "",			
			"type" : ""
		},
		"92140" : {
			"name" : "Baseplate Alu Type 1 Defective",
			"description" : "Defective baseplate alu type 1 (empty, empty, empty) on baseplate pallet",
			"img" : "",			
			"type" : ""
		},
		"92141" : {
			"name" : "Baseplate Alu Type 2 Defective",
			"description" : "Defective baseplate alu type 2 (empty, empty, empty) on baseplate pallet",
			"img" : "",			
			"type" : ""
		},
		"92143" : {
			"name" : "Baseplate Alu Type 3 Defective",
			"description" : "Defective baseplate alu type 3 (empty, empty, empty) on baseplate pallet",
			"img" : "",			
			"type" : ""
		},
		"92143" : {
			"name" : "Baseplate Alu Type 4 Defective",
			"description" : "Defective baseplate alu type 4 (empty, empty, empty) on baseplate pallet",
			"img" : "",			
			"type" : ""
		},
		"92144" : {
			"name" : "Baseplate Alu Type 5 Defective",
			"description" : "Defective baseplate alu type 5 (empty, empty, empty) on baseplate pallet",
			"img" : "",			
			"type" : ""
		}
	}
}